{"cameraMode":{"drawMode":0,"name":"Shaded","section":"Shading Mode"},"sceneLighting":true,"audioPlay":false,"sceneViewState":{"showFog":true,"showMaterialUpdate":true,"showSkybox":true,"showFlares":true,"showImageEffects":true,"showParticleSystems":true},"in2DMode":false,"pivot":{"x":-7.10857629776001,"y":-292.6799011230469,"z":110.46815490722656},"rotation":{"x":0.3425087332725525,"y":0.29451650381088259,"z":-0.11400087177753449,"w":0.8848455548286438},"size":1219.4263916015625,"orthographic":false}