{"cameraMode":{"drawMode":0,"name":"Shaded","section":"Shading Mode"},"sceneLighting":true,"audioPlay":false,"sceneViewState":{"showFog":true,"showMaterialUpdate":false,"showSkybox":true,"showFlares":true,"showImageEffects":true,"showParticleSystems":true},"in2DMode":false,"pivot":{"x":-0.9715750217437744,"y":6.672883033752441,"z":0.01873844861984253},"rotation":{"x":-0.41789862513542178,"y":-0.48294776678085329,"z":0.2818719744682312,"w":-0.7160100936889648},"size":7.507723331451416,"orthographic":false}